3c4fcf098815f7aba6d2ae2816157e2b,ce1f2a1921904c545c50e78b5a6d697f
3c4fcf098815f7aba6d2ae2816157e2b,dd410c95e959fd52e3b78d1d9dd9ab0a
3c4fcf098815f7aba6d2ae2816157e2b,7039a33de64156fff0357c479e00673b
3c4fcf098815f7aba6d2ae2816157e2b,b2dac5b46ffc0b079402e5bdf980d04a
3c4fcf098815f7aba6d2ae2816157e2b,02f81734bbdb4d694eb8a3b62cf373e0
3c4fcf098815f7aba6d2ae2816157e2b,3d5dd271c80eed3817a789e9d5e157d3
3c4fcf098815f7aba6d2ae2816157e2b,a00a5402eceb999559f221cbfb7d0854
3c4fcf098815f7aba6d2ae2816157e2b,0b87a8a681d9b3b61f23af2683e7fefc
3c4fcf098815f7aba6d2ae2816157e2b,dddcacfc3af5286ffa857fa6ce5f82f8
3c4fcf098815f7aba6d2ae2816157e2b,cbe7b5a6c06bee31edf6bf630dc9f62f
3c4fcf098815f7aba6d2ae2816157e2b,0a0a5de8a447d2150bd81c92ca0e1d14
3c4fcf098815f7aba6d2ae2816157e2b,5f81b4db8ef45b6c69287512e00877c3
3c4fcf098815f7aba6d2ae2816157e2b,09459b27ac781201fb3ecd4927e09498
3c4fcf098815f7aba6d2ae2816157e2b,633cb1a185ee1cd7610f7d0aa02aea90
3c4fcf098815f7aba6d2ae2816157e2b,d1af7e642c6fd1d8847d96c9253db525
3c4fcf098815f7aba6d2ae2816157e2b,f70e526cc5d64d15af1573df6ea325c1
3c4fcf098815f7aba6d2ae2816157e2b,69b4b669933fb3c38bb92c29a36cd361
3c4fcf098815f7aba6d2ae2816157e2b,a8bfa26300bd22a5dc346a29b1c3ac65
3c4fcf098815f7aba6d2ae2816157e2b,db707784ad51c5b8bc812501ad9b33da
3c4fcf098815f7aba6d2ae2816157e2b,816f0564ee2bff3cf5cbec5dd18fca6f
3c4fcf098815f7aba6d2ae2816157e2b,bf3dafa417e8ec82b8940adb72ee55ac
3c4fcf098815f7aba6d2ae2816157e2b,d0445254530c348530df4b6672748345
3c4fcf098815f7aba6d2ae2816157e2b,bc9de5a86ea068fa753852bbdb1fbe06
3c4fcf098815f7aba6d2ae2816157e2b,a899cef3d50679cd92b66bf2d219a49c
3c4fcf098815f7aba6d2ae2816157e2b,a305740c9eb7940c105a8d0c7973a2c0
3c4fcf098815f7aba6d2ae2816157e2b,f2003ccb5f35c355dfab1dae468d81c4
3c4fcf098815f7aba6d2ae2816157e2b,5dc67651c6aa66fc95328e2198aee8b6
3c4fcf098815f7aba6d2ae2816157e2b,636d2d916865276f041849bb2dc47475
3c4fcf098815f7aba6d2ae2816157e2b,a5f1d65b10c7af9a4a0e4d33f7aa57ee
3c4fcf098815f7aba6d2ae2816157e2b,77e70dab6c5df7e52cbd23fa2b7e5d50
3c4fcf098815f7aba6d2ae2816157e2b,77a175a470bf1c48827ea440b00efd48
3c4fcf098815f7aba6d2ae2816157e2b,31c8752533aaa48324e076e418d3f249
3c4fcf098815f7aba6d2ae2816157e2b,ce7c356b22c021efa6a67f1139e1d7f8
3c4fcf098815f7aba6d2ae2816157e2b,ea680892d0b031d71fb8e7e9098782a2
3c4fcf098815f7aba6d2ae2816157e2b,0cd1c557a88dcee47e51d2454bb728b2
3c4fcf098815f7aba6d2ae2816157e2b,145c9c7f715e23ce2c288fbc849cf558
3c4fcf098815f7aba6d2ae2816157e2b,07dc80869a2bafe7ced4343aed8857cb
3c4fcf098815f7aba6d2ae2816157e2b,f4857f5c76f34777082b41459360449b
3c4fcf098815f7aba6d2ae2816157e2b,daa6de650043bf3e95e831909be0050b
3c4fcf098815f7aba6d2ae2816157e2b,ef0e673761ca5004832fbd9c950857ed
3c4fcf098815f7aba6d2ae2816157e2b,054472044451954af7ca2b30a006a8e7
3c4fcf098815f7aba6d2ae2816157e2b,7e22abb2ba1ec2ebbaca8cd67fa65198
3c4fcf098815f7aba6d2ae2816157e2b,63ba1b7ab554b351a86d6871ab104c54
3c4fcf098815f7aba6d2ae2816157e2b,552097c78a6fe2a7316c17039ae48ee8
3c4fcf098815f7aba6d2ae2816157e2b,a072a62d151586acf190b47a50f69648
3c4fcf098815f7aba6d2ae2816157e2b,979bd226390df74d4ef2ac46e0c70384
3c4fcf098815f7aba6d2ae2816157e2b,a6a7b7193843e0f57456d5c0f0f361dc
3c4fcf098815f7aba6d2ae2816157e2b,8bc8fef0090846ee6ba6a7003e7bb410
3c4fcf098815f7aba6d2ae2816157e2b,1f0c6da6d7ef4d4c9db562b689d0deff
3c4fcf098815f7aba6d2ae2816157e2b,2d097e7b4d1c50080f8496253d9fdd83
3c4fcf098815f7aba6d2ae2816157e2b,cb676e0169df792329c08c304f323010
3c4fcf098815f7aba6d2ae2816157e2b,d9224e36498f5db235de9e217876d9a3
3c4fcf098815f7aba6d2ae2816157e2b,85729cad16597f2e6bf1a99cbe768fd1
3c4fcf098815f7aba6d2ae2816157e2b,46e60a22d44ef0a70cf8bc2660a1bfbf
3c4fcf098815f7aba6d2ae2816157e2b,1acef3655298fb30de6417377b148fe2
3c4fcf098815f7aba6d2ae2816157e2b,bd6479014c5d9649581801c32119b46d
3c4fcf098815f7aba6d2ae2816157e2b,3f849bf2f2b8f40b0af6347d0667f477
3c4fcf098815f7aba6d2ae2816157e2b,c6f52fefc8d73fcd89a936f318448fc1
3c4fcf098815f7aba6d2ae2816157e2b,9a388184258c23f08a7c9e7587f82c6b
3c4fcf098815f7aba6d2ae2816157e2b,2961219749df4966656ef16b966b3832
3c4fcf098815f7aba6d2ae2816157e2b,847458058dcad03df50d45e7d7a86808
3c4fcf098815f7aba6d2ae2816157e2b,976eb15d48b2585f0689e18c66791e97
3c4fcf098815f7aba6d2ae2816157e2b,458a72b2c1f402908191b67aab950cf5
3c4fcf098815f7aba6d2ae2816157e2b,14c3e617c520caa72f792c078b8f6dce
3c4fcf098815f7aba6d2ae2816157e2b,b71c56d6408ed5ade452198a9beab096
3c4fcf098815f7aba6d2ae2816157e2b,510842fb189814320dc6d1a971ff4086
3c4fcf098815f7aba6d2ae2816157e2b,378d99195d315a9e4a58d718780487ba
3c4fcf098815f7aba6d2ae2816157e2b,03ab94ffadbcb8c28062aa5b2d99a3ae
3c4fcf098815f7aba6d2ae2816157e2b,b37b6a980cb64c2cec4146c275e6fade
3c4fcf098815f7aba6d2ae2816157e2b,50eac2b1bcb154ec9a6d2cac541081c7
3c4fcf098815f7aba6d2ae2816157e2b,effb1ffc5894bfe6c8e99d5c8028d9ce
3c4fcf098815f7aba6d2ae2816157e2b,23a8d76324e9945c42d1d5dc9767899f
3c4fcf098815f7aba6d2ae2816157e2b,b924ba6665fd9eeff37923ad20a939cb
3c4fcf098815f7aba6d2ae2816157e2b,9cd24f42bf75ce659315f6ee54f3c666
3c4fcf098815f7aba6d2ae2816157e2b,2527ae220a902d5629f0bf11e6ffe1a8
3c4fcf098815f7aba6d2ae2816157e2b,e3e20c15a791a6a6e156a4ed206dc504
3c4fcf098815f7aba6d2ae2816157e2b,379f0dcff63d22659fd5f819f4476bbb
3c4fcf098815f7aba6d2ae2816157e2b,c76a490fec079dd12e5d042df8e1d3ae
3c4fcf098815f7aba6d2ae2816157e2b,ada308d8533a8599d1cb950a88653400
3c4fcf098815f7aba6d2ae2816157e2b,f78145589b259bd22df6040b10458368
3c4fcf098815f7aba6d2ae2816157e2b,64d12b682b183cae053d95da7df6588b
3c4fcf098815f7aba6d2ae2816157e2b,d7afdde25d3ee695f5e239a54771100f
3c4fcf098815f7aba6d2ae2816157e2b,662a6b759af473cc2a2298c957f29442
3c4fcf098815f7aba6d2ae2816157e2b,fdca39bc487c282e98e7a2698b8370dd
3c4fcf098815f7aba6d2ae2816157e2b,c2cad890b9e8f7c1858c0407ce5d8118
3c4fcf098815f7aba6d2ae2816157e2b,f05bbc9251e241e47c35fc1ccec10ff5
3c4fcf098815f7aba6d2ae2816157e2b,2782a9100b221e93a690868d1696b047
3c4fcf098815f7aba6d2ae2816157e2b,24381d72db55caa1fb6949a879156472
3c4fcf098815f7aba6d2ae2816157e2b,e182c57dd81f40c80e05523d6a67a180
3c4fcf098815f7aba6d2ae2816157e2b,116b47b57e2451122bda752eef9232d5
3c4fcf098815f7aba6d2ae2816157e2b,d88a11e1674de859cc0190f6ab733b99
3c4fcf098815f7aba6d2ae2816157e2b,74cd95bfab166dc85cf04403b9739e4a
3c4fcf098815f7aba6d2ae2816157e2b,f27b4fc9ca0d815f22c317dc9331688c
3c4fcf098815f7aba6d2ae2816157e2b,7dd2fb49b825d1dc537492eedb5155c5
3c4fcf098815f7aba6d2ae2816157e2b,f4351e7a04fe1923085574573f8af391
3c4fcf098815f7aba6d2ae2816157e2b,3c4c2286e5783a9946f1a3a950c4d74a
3c4fcf098815f7aba6d2ae2816157e2b,10e1631b5a1ad87e3861cdea54f7f099
3c4fcf098815f7aba6d2ae2816157e2b,e38a941c1654b06301b979a2eab4eeaa
3c4fcf098815f7aba6d2ae2816157e2b,0c0e2db7a346d3f25587d434c6b0c8cb
3c4fcf098815f7aba6d2ae2816157e2b,3c7e652163d892f5858b5be7dd8424dc
